{"R2":0.9413484529992848,"RMSE":0.5579234688941295,"MAE":0.31964962406015196,"MAPE":0.3947087182883816,"_timestamp":1.763870313047549e+09,"_wandb":{"runtime":6},"_runtime":6,"_step":0}