{"_step":0,"_wandb":{"runtime":2},"_runtime":2,"R2":0.9424069488737761,"RMSE":0.5528660703704993,"MAE":0.3161552631578943,"MAPE":0.3900629456790548,"_timestamp":1.763871217497055e+09}