{"R2":0.9484806576131807,"RMSE":0.5229016953572825,"MAE":0.2949090225563915,"MAPE":0.36436226619314666,"_timestamp":1.763870742192951e+09,"_wandb":{"runtime":6},"_runtime":6,"_step":0}