{"_wandb":{"runtime":2},"_runtime":2,"RMSE":0.5528660703704986,"MAE":0.3161552631578944,"MAPE":0.3900629456790549,"_timestamp":1.7638746054665222e+09,"_step":0,"R2":0.9424069488737763}