{
    "R2": 0.9424069488737761,
    "RMSE": 0.5528660703704996,
    "MAE": 0.31615526315789494,
    "MAPE": 0.39006294567905553
}